{
    "multipart": [
        {   "apply": [
				{ "model": "block/birch_fence_post" },
				{ "model": "block/birch_fence_post1" },
				{ "model": "block/birch_fence_post2" },
				{ "model": "block/birch_fence_post3" },
				{ "model": "block/birch_fence_post4" },
				{ "model": "block/birch_fence_post5" }
			]
		},
		
        {   "when": { "north": "true" },
            "apply": [
				{ "model": "block/birch_fence_side", "uvlock": true },
				{ "model": "block/birch_fence_side1", "uvlock": true },
				{ "model": "block/birch_fence_side2", "uvlock": true },
				{ "model": "block/birch_fence_side3", "uvlock": true },
				{ "model": "block/birch_fence_side4", "uvlock": true },
				{ "model": "block/birch_fence_side5", "uvlock": true }
			]
        },
        {   "when": { "east": "true" },
            "apply": [
				{ "model": "block/birch_fence_side", "y": 90, "uvlock": true },
				{ "model": "block/birch_fence_side1", "y": 90, "uvlock": true },
				{ "model": "block/birch_fence_side2", "y": 90, "uvlock": true },
				{ "model": "block/birch_fence_side3", "y": 90, "uvlock": true },
				{ "model": "block/birch_fence_side4", "y": 90, "uvlock": true },
				{ "model": "block/birch_fence_side5", "y": 90, "uvlock": true }
			]
        },
        {   "when": { "south": "true" },
            "apply": [
				{ "model": "block/birch_fence_side", "y": 180, "uvlock": true },
				{ "model": "block/birch_fence_side1", "y": 180, "uvlock": true },
				{ "model": "block/birch_fence_side2", "y": 180, "uvlock": true },
				{ "model": "block/birch_fence_side3", "y": 180, "uvlock": true },
				{ "model": "block/birch_fence_side4", "y": 180, "uvlock": true },
				{ "model": "block/birch_fence_side5", "y": 180, "uvlock": true }
			]
        },
        {   "when": { "west": "true" },
            "apply": [
				{ "model": "block/birch_fence_side", "y": 270, "uvlock": true },
				{ "model": "block/birch_fence_side1", "y": 270, "uvlock": true },
				{ "model": "block/birch_fence_side2", "y": 270, "uvlock": true },
				{ "model": "block/birch_fence_side3", "y": 270, "uvlock": true },
				{ "model": "block/birch_fence_side4", "y": 270, "uvlock": true },
				{ "model": "block/birch_fence_side5", "y": 270, "uvlock": true }
			]
        }
    ]
}
