{
    "variants": {
        "distance=1": [
			{ "model": "block/dark_oak_leaves" },
			{ "model": "block/dark_oak_leaves1" }
				],
        "distance=2": [
			{ "model": "block/dark_oak_leaves" },
			{ "model": "block/dark_oak_leaves1" }
				],
        "distance=3": [
			{ "model": "block/dark_oak_leaves" },
			{ "model": "block/dark_oak_leaves1" }
				],
        "distance=4": [
			{ "model": "block/dark_oak_leaves" },
			{ "model": "block/dark_oak_leaves1" }
				],
        "distance=5": [
			{ "model": "block/dark_oak_leaves" },
			{ "model": "block/dark_oak_leaves1" }
				],
        "distance=6": [
			{ "model": "block/dark_oak_leaves" },
			{ "model": "block/dark_oak_leaves1" }
				],
        "distance=7": [
			{ "model": "block/dark_oak_leaves" },
			{ "model": "block/dark_oak_leaves1" }
				]
    }
}
