{
    "variants": {
        "distance=1": [
				{ "model": "block/leaves_acacia" },
				{ "model": "block/leaves_acacia1" },
				{ "model": "block/leaves_acacia2" }
				],
        "distance=2": [
				{ "model": "block/leaves_acacia" },
				{ "model": "block/leaves_acacia1" },
				{ "model": "block/leaves_acacia2" }
				],
        "distance=3": [
				{ "model": "block/leaves_acacia" },
				{ "model": "block/leaves_acacia1" },
				{ "model": "block/leaves_acacia2" }
				],
        "distance=4": [
				{ "model": "block/leaves_acacia" },
				{ "model": "block/leaves_acacia1" },
				{ "model": "block/leaves_acacia2" }
				],
        "distance=5": [
				{ "model": "block/leaves_acacia" },
				{ "model": "block/leaves_acacia1" },
				{ "model": "block/leaves_acacia2" }
				],
        "distance=6": [
				{ "model": "block/leaves_acacia" },
				{ "model": "block/leaves_acacia1" },
				{ "model": "block/leaves_acacia2" }
				],
        "distance=7": [
				{ "model": "block/leaves_acacia" },
				{ "model": "block/leaves_acacia1" },
				{ "model": "block/leaves_acacia2" }
				]
    }
}
