{
	"credit": "Made with Blockbench, a free, modern block model editor by JannisX11",
	"textures": {
		"0": "block/dark_oak_planks",
		"particle": "block/dark_oak_planks"
	},
	"elements": [
		{
			"from": [0, 0, 0],
			"to": [16, 16, 3],
			"faces": {
				"north": {"uv": [0, 0, 16, 16], "texture": "#0"},
				"east": {"uv": [13, 0, 16, 16], "texture": "#0"},
				"south": {"uv": [0, 0, 16, 16], "texture": "#0"},
				"west": {"uv": [13, 0, 16, 16], "texture": "#0"},
				"up": {"uv": [0, 0, 16, 3], "texture": "#0"},
				"down": {"uv": [0, 0, 16, 3], "texture": "#0"}
			}
		},
		{
			"from": [0, 13, 3],
			"to": [16, 16, 16],
			"faces": {
				"north": {"uv": [0, 0, 16, 3], "texture": "#0"},
				"east": {"uv": [3, 0, 16, 3], "texture": "#0"},
				"south": {"uv": [0, 0, 16, 3], "texture": "#0"},
				"west": {"uv": [3, 0, 16, 3], "texture": "#0"},
				"up": {"uv": [0, 3, 16, 16], "texture": "#0"},
				"down": {"uv": [0, 3, 16, 16], "texture": "#0"}
			}
		},
		{
			"from": [2, 1, 5],
			"to": [5, 17, 8],
			"rotation": {"angle": 45, "axis": "x", "origin": [3.5, 9, 6.5]},
			"faces": {
				"north": {"uv": [0, 2, 16, 5], "texture": "#0", "rotation": 90},
				"east": {"uv": [0, 2, 16, 5], "texture": "#0", "rotation": 90},
				"south": {"uv": [0, 2, 16, 5], "texture": "#0", "rotation": 90},
				"west": {"uv": [0, 2, 16, 5], "texture": "#0", "rotation": 90},
				"up": {"uv": [0, 2, 3, 5], "texture": "#0", "rotation": 90},
				"down": {"uv": [0, 2, 3, 5], "texture": "#0", "rotation": 90}
			}
		},
		{
			"from": [13, 0, 3],
			"to": [16, 13, 16],
			"faces": {
				"north": {"uv": [0, 3, 3, 16], "texture": "#0"},
				"east": {"uv": [0, 3, 13, 16], "texture": "#0"},
				"south": {"uv": [0, 3, 3, 16], "texture": "#0"},
				"west": {"uv": [0, 3, 13, 16], "texture": "#0"},
				"up": {"uv": [0, 3, 3, 16], "texture": "#0"},
				"down": {"uv": [0, 3, 3, 16], "texture": "#0"}
			}
		},
		{
			"from": [8, 1, 11],
			"to": [11, 17, 14],
			"rotation": {"angle": 45, "axis": "z", "origin": [9.5, 9, 12.5]},
			"faces": {
				"north": {"uv": [0, 6, 16, 9], "texture": "#0", "rotation": 90},
				"east": {"uv": [0, 6, 16, 9], "texture": "#0", "rotation": 90},
				"south": {"uv": [0, 6, 16, 9], "texture": "#0", "rotation": 90},
				"west": {"uv": [0, 6, 16, 9], "texture": "#0", "rotation": 90},
				"up": {"uv": [0, 6, 3, 9], "texture": "#0", "rotation": 90},
				"down": {"uv": [0, 6, 3, 9], "texture": "#0", "rotation": 90}
			}
		}
	]
}