{
	"credit": "Made with Blockbench, a free, modern block model editor by JannisX11",
	"textures": {
		"0": "block/oak_planks",
		"particle": "block/oak_planks"
	},
	"elements": [
		{
			"from": [0, 0, 13],
			"to": [16, 13, 16],
			"faces": {
				"north": {"uv": [0, 3, 16, 16], "texture": "#0"},
				"east": {"uv": [0, 3, 3, 16], "texture": "#0"},
				"south": {"uv": [0, 3, 16, 16], "texture": "#0"},
				"west": {"uv": [0, 3, 3, 16], "texture": "#0"},
				"up": {"uv": [0, 0, 16, 3], "texture": "#0", "rotation": 180},
				"down": {"uv": [0, 0, 16, 3], "texture": "#0"}
			}
		},
		{
			"from": [0, 13, 0],
			"to": [16, 16, 16],
			"faces": {
				"north": {"uv": [0, 0, 16, 3], "texture": "#0"},
				"east": {"uv": [0, 0, 16, 3], "texture": "#0"},
				"south": {"uv": [0, 0, 16, 3], "texture": "#0"},
				"west": {"uv": [0, 0, 16, 3], "texture": "#0"},
				"up": {"uv": [0, 0, 16, 16], "texture": "#0"},
				"down": {"uv": [0, 0, 16, 16], "texture": "#0"}
			}
		},
		{
			"from": [11, 1, 8],
			"to": [14, 17, 11],
			"rotation": {"angle": -45, "axis": "x", "origin": [12.5, 9, 9.5]},
			"faces": {
				"north": {"uv": [0, 6, 16, 9], "texture": "#0", "rotation": 90},
				"east": {"uv": [0, 6, 16, 9], "texture": "#0", "rotation": 90},
				"south": {"uv": [0, 6, 16, 9], "texture": "#0", "rotation": 90},
				"west": {"uv": [0, 6, 16, 9], "texture": "#0", "rotation": 90},
				"up": {"uv": [0, 6, 3, 9], "texture": "#0", "rotation": 90},
				"down": {"uv": [0, 6, 3, 9], "texture": "#0", "rotation": 90}
			}
		},
		{
			"from": [2, 1, 8],
			"to": [5, 17, 11],
			"rotation": {"angle": -45, "axis": "x", "origin": [3.5, 9, 9.5]},
			"faces": {
				"north": {"uv": [0, 2, 16, 5], "texture": "#0", "rotation": 90},
				"east": {"uv": [0, 2, 16, 5], "texture": "#0", "rotation": 90},
				"south": {"uv": [0, 2, 16, 5], "texture": "#0", "rotation": 90},
				"west": {"uv": [0, 2, 16, 5], "texture": "#0", "rotation": 90},
				"up": {"uv": [0, 2, 3, 5], "texture": "#0", "rotation": 90},
				"down": {"uv": [0, 2, 3, 5], "texture": "#0", "rotation": 90}
			}
		}
	]
}