{
    "pools": [
        {
            "rolls": 1,
            "entries": [
                {
                    "type": "item",
                    "name": "minecraft:bone",
                    "weight": 1,
                    "functions": [
                        {
                            "function": "set_count",
                            "count": {
                                "min": 0,
                                "max": 2
                            }
                        },
                        {
                            "function": "looting_enchant",
                            "count": {
                                "min": 0,
                                "max": 1
                            }
                        }
                    ]
                }
            ]
        },
        {
            "rolls": 1,
            "entries": [
                {
                    "type": "item",
                    "name": "minecraft:leather",
                    "functions": [
                        {
                            "function": "set_count",
                            "count": {
                                "min": 0,
                                "max": 2
                            }
                        },
                        {
                            "function": "looting_enchant",
                            "count": {
                                "min": 0,
                                "max": 1
                            }
                        }
                    ]
                }
            ]
        },
		{		
			"conditions": [
                {
                    "condition": "killed_by_player"
                },
                {
                    "condition": "random_chance_with_looting",
                    "chance": 0.02,
                    "looting_multiplier": 0.01
                }
			],
            "rolls": 1,
            "entries": [
                {
                    "type": "item",
                    "name": "minecraft:player_head",
                    "weight": 1,
                    "functions": [
						{
                            "function": "set_nbt",
                            "tag": "{display:{Name:\"{\\\"text\\\":\\\"§r§eHorse Head\\\"}\"},SkullOwner:{Id:\"39023647-b293-4555-8b0f-b55157417a1a\",Properties:{textures:[{Value:\"eyJ0ZXh0dXJlcyI6eyJTS0lOIjp7InVybCI6Imh0dHA6Ly90ZXh0dXJlcy5taW5lY3JhZnQubmV0L3RleHR1cmUvNjE5MDI4OTgzMDg3MzBjNDc0NzI5OWNiNWE1ZGE5YzI1ODM4YjFkMDU5ZmU0NmZjMzY4OTZmZWU2NjI3MjkifX19\"}]}}}"
                        }
                    ]
                }
            ]
        }
    ]
}