{
    "variants": {
        "facing=east,half=bottom,shape=straight":  { "model": "block/prismarine_stairs" },
        "facing=west,half=bottom,shape=straight":  { "model": "block/prismarine_stairs", "y": 180, "uvlock": true },
        "facing=south,half=bottom,shape=straight": { "model": "block/prismarine_stairs", "y": 90, "uvlock": true },
        "facing=north,half=bottom,shape=straight": { "model": "block/prismarine_stairs", "y": 270, "uvlock": true },
        "facing=east,half=bottom,shape=outer_right":  { "model": "block/prismarine_stairs_outer" },
        "facing=west,half=bottom,shape=outer_right":  { "model": "block/prismarine_stairs_outer", "y": 180, "uvlock": true },
        "facing=south,half=bottom,shape=outer_right": { "model": "block/prismarine_stairs_outer", "y": 90, "uvlock": true },
        "facing=north,half=bottom,shape=outer_right": { "model": "block/prismarine_stairs_outer", "y": 270, "uvlock": true },
        "facing=east,half=bottom,shape=outer_left":  { "model": "block/prismarine_stairs_outer", "y": 270, "uvlock": true },
        "facing=west,half=bottom,shape=outer_left":  { "model": "block/prismarine_stairs_outer", "y": 90, "uvlock": true },
        "facing=south,half=bottom,shape=outer_left": { "model": "block/prismarine_stairs_outer" },
        "facing=north,half=bottom,shape=outer_left": { "model": "block/prismarine_stairs_outer", "y": 180, "uvlock": true },
        "facing=east,half=bottom,shape=inner_right":  { "model": "block/prismarine_stairs_inner" },
        "facing=west,half=bottom,shape=inner_right":  { "model": "block/prismarine_stairs_inner", "y": 180, "uvlock": true },
        "facing=south,half=bottom,shape=inner_right": { "model": "block/prismarine_stairs_inner", "y": 90, "uvlock": true },
        "facing=north,half=bottom,shape=inner_right": { "model": "block/prismarine_stairs_inner", "y": 270, "uvlock": true },
        "facing=east,half=bottom,shape=inner_left":  { "model": "block/prismarine_stairs_inner", "y": 270, "uvlock": true },
        "facing=west,half=bottom,shape=inner_left":  { "model": "block/prismarine_stairs_inner", "y": 90, "uvlock": true },
        "facing=south,half=bottom,shape=inner_left": { "model": "block/prismarine_stairs_inner" },
        "facing=north,half=bottom,shape=inner_left": { "model": "block/prismarine_stairs_inner", "y": 180, "uvlock": true },
        "facing=east,half=top,shape=straight":  { "model": "block/prismarine_arch_e"},
        "facing=west,half=top,shape=straight":  { "model": "block/prismarine_arch_w"},
        "facing=south,half=top,shape=straight": { "model": "block/prismarine_arch_s"},
        "facing=north,half=top,shape=straight": { "model": "block/prismarine_arch_n"},
        "facing=east,half=top,shape=outer_right":  { "model": "block/prismarine_arch_sl_er_out"},
        "facing=west,half=top,shape=outer_right":  { "model": "block/prismarine_arch_nl_wr_out"},
        "facing=south,half=top,shape=outer_right": { "model": "block/prismarine_arch_sr_wl_out"},
        "facing=north,half=top,shape=outer_right": { "model": "block/prismarine_arch_nr_el_out"},
        "facing=east,half=top,shape=outer_left":  { "model": "block/prismarine_arch_nr_el_out"},
        "facing=west,half=top,shape=outer_left":  { "model": "block/prismarine_arch_sr_wl_out"},
        "facing=south,half=top,shape=outer_left": { "model": "block/prismarine_arch_sl_er_out"},
        "facing=north,half=top,shape=outer_left": { "model": "block/prismarine_arch_nl_wr_out"},
        "facing=east,half=top,shape=inner_right":  { "model": "block/prismarine_arch_sl_er"},
        "facing=west,half=top,shape=inner_right":  { "model": "block/prismarine_arch_nl_wr"},
        "facing=south,half=top,shape=inner_right": { "model": "block/prismarine_arch_sr_wl"},
        "facing=north,half=top,shape=inner_right": { "model": "block/prismarine_arch_nr_el"},
        "facing=east,half=top,shape=inner_left":  { "model": "block/prismarine_arch_nr_el"},
        "facing=west,half=top,shape=inner_left":  { "model": "block/prismarine_arch_sr_wl"},
        "facing=south,half=top,shape=inner_left": { "model": "block/prismarine_arch_sl_er"},
        "facing=north,half=top,shape=inner_left": { "model": "block/prismarine_arch_nl_wr"}
    }
}
