{
    "variants": {
        "facing=east,half=bottom,shape=straight":  { "model": "block/oak_stairs" },
        "facing=west,half=bottom,shape=straight":  { "model": "block/oak_stairs", "y": 180, "uvlock": true },
        "facing=south,half=bottom,shape=straight": { "model": "block/oak_stairs", "y": 90, "uvlock": true },
        "facing=north,half=bottom,shape=straight": { "model": "block/oak_stairs", "y": 270, "uvlock": true },
        "facing=east,half=bottom,shape=outer_right":  { "model": "block/oak_stairs_outer" },
        "facing=west,half=bottom,shape=outer_right":  { "model": "block/oak_stairs_outer", "y": 180, "uvlock": true },
        "facing=south,half=bottom,shape=outer_right": { "model": "block/oak_stairs_outer", "y": 90, "uvlock": true },
        "facing=north,half=bottom,shape=outer_right": { "model": "block/oak_stairs_outer", "y": 270, "uvlock": true },
        "facing=east,half=bottom,shape=outer_left":  { "model": "block/oak_stairs_outer", "y": 270, "uvlock": true },
        "facing=west,half=bottom,shape=outer_left":  { "model": "block/oak_stairs_outer", "y": 90, "uvlock": true },
        "facing=south,half=bottom,shape=outer_left": { "model": "block/oak_stairs_outer" },
        "facing=north,half=bottom,shape=outer_left": { "model": "block/oak_stairs_outer", "y": 180, "uvlock": true },
        "facing=east,half=bottom,shape=inner_right":  { "model": "block/oak_stairs_inner" },
        "facing=west,half=bottom,shape=inner_right":  { "model": "block/oak_stairs_inner", "y": 180, "uvlock": true },
        "facing=south,half=bottom,shape=inner_right": { "model": "block/oak_stairs_inner", "y": 90, "uvlock": true },
        "facing=north,half=bottom,shape=inner_right": { "model": "block/oak_stairs_inner", "y": 270, "uvlock": true },
        "facing=east,half=bottom,shape=inner_left":  { "model": "block/oak_stairs_inner", "y": 270, "uvlock": true },
        "facing=west,half=bottom,shape=inner_left":  { "model": "block/oak_stairs_inner", "y": 90, "uvlock": true },
        "facing=south,half=bottom,shape=inner_left": { "model": "block/oak_stairs_inner" },
        "facing=north,half=bottom,shape=inner_left": { "model": "block/oak_stairs_inner", "y": 180, "uvlock": true },
        "facing=east,half=top,shape=straight":  { "model": "block/oak_support_e"},
        "facing=west,half=top,shape=straight":  { "model": "block/oak_support_w"},
        "facing=south,half=top,shape=straight": { "model": "block/oak_support_s"},
        "facing=north,half=top,shape=straight": { "model": "block/oak_support_n"},
        "facing=east,half=top,shape=outer_right":  { "model": "block/oak_support_sl_re_out"},
        "facing=west,half=top,shape=outer_right":  { "model": "block/oak_support_nl_rw_out"},
        "facing=south,half=top,shape=outer_right": { "model": "block/oak_support_sr_lw_out"},
        "facing=north,half=top,shape=outer_right": { "model": "block/oak_support_nr_le_out"},
        "facing=east,half=top,shape=outer_left":  { "model": "block/oak_support_nr_le_out"},
        "facing=west,half=top,shape=outer_left":  { "model": "block/oak_support_sr_lw_out"},
        "facing=south,half=top,shape=outer_left": { "model": "block/oak_support_sl_re_out"},
        "facing=north,half=top,shape=outer_left": { "model": "block/oak_support_nl_rw_out"},
        "facing=east,half=top,shape=inner_right":  { "model": "block/oak_support_sl_re"},
        "facing=west,half=top,shape=inner_right":  { "model": "block/oak_support_nl_rw"},
        "facing=south,half=top,shape=inner_right": { "model": "block/oak_support_sr_lw"},
        "facing=north,half=top,shape=inner_right": { "model": "block/oak_support_nr_le"},
        "facing=east,half=top,shape=inner_left":  { "model": "block/oak_support_nr_le"},
        "facing=west,half=top,shape=inner_left":  { "model": "block/oak_support_sr_lw"},
        "facing=south,half=top,shape=inner_left": { "model": "block/oak_support_sl_re"},
        "facing=north,half=top,shape=inner_left": { "model": "block/oak_support_nl_rw"}
    }
}
